user_id,name,email,age,gender,signup_date
user_001,Anthony Miller,vsmith@yahoo.com,56,Female,2025-05-03
user_002,Catherine Torres,katie12@lawrence.com,46,Male,2025-03-26
user_003,Leslie Smith,morrowshannon@yahoo.com,32,Male,2025-05-01
user_004,Jamie Warner,maria50@monroe.com,25,Male,2025-04-22
user_005,Laura Wells,shelbyramirez@gutierrez-gould.net,38,Female,2025-03-09
user_006,Jackie Wells,znovak@hotmail.com,56,Female,2025-03-15
user_007,Thomas Tapia,leeanthony@yahoo.com,36,Female,2025-05-01
user_008,Willie Bentley DDS,urose@hotmail.com,40,Male,2025-04-03
user_009,Dwayne Lopez,stokespaul@gmail.com,28,Female,2025-04-17
user_010,Deanna Hawkins,kellysanchez@jackson.com,28,Male,2025-04-04
user_011,Scott Moore,chris41@lewis.com,41,Other,2025-03-24
user_012,Lisa Zhang,smithmichael@gmail.com,53,Female,2025-04-04
user_013,Jason Brown,bruce98@yahoo.com,57,Female,2025-04-08
user_014,Daniel Clark,ajohnson@yahoo.com,41,Male,2025-03-20
user_015,Mark Huffman,pamela75@hicks-mueller.com,20,Male,2025-03-25
user_016,Sara Jennings,robert19@rice.net,39,Male,2025-03-12
user_017,Joshua Shea,johncohen@gmail.com,19,Female,2025-04-03
user_018,Wesley Gallagher,jasonwilliams@morton-jackson.com,41,Male,2025-04-15
user_019,Benjamin Thompson,wcampbell@hotmail.com,47,Male,2025-03-26
user_020,Amanda Tran,wharper@hotmail.com,55,Male,2025-03-18
user_021,Matthew Navarro,dlong@gomez-perez.org,19,Female,2025-03-25
user_022,Daniel Murray,raymond44@yahoo.com,38,Female,2025-04-12
user_023,Kelly Miller,davisbryan@yahoo.com,50,Female,2025-03-27
user_024,Abigail Gilbert,wjackson@adkins-spence.com,29,Female,2025-03-18
user_025,Victor Day,lorrainewright@gmail.com,39,Male,2025-05-01
user_026,Jim Martin,josephevans@smith-meyers.com,42,Female,2025-04-16
user_027,Nathan Bruce,jmurphy@gmail.com,44,Female,2025-04-07
user_028,Craig Adams,stephenbrown@wright-reynolds.com,59,Male,2025-04-18
user_029,Dwayne Phillips,margaretwright@taylor.com,45,Other,2025-03-17
user_030,William Li,mortonkristen@mitchell.com,33,Female,2025-03-12
user_031,Dr. Renee Daniels,kimberly02@burns-edwards.com,32,Female,2025-04-30
user_032,James Bell,valerie12@hotmail.com,20,Female,2025-05-07
user_033,Carl Black,sharonaustin@hotmail.com,54,Female,2025-04-03
user_034,Gregory Hart,allenpalmer@adams.net,24,Male,2025-03-21
user_035,Andrew Contreras,hoganamanda@mitchell-johnson.org,38,Male,2025-05-04
user_036,David Hodges,kennethwilliams@hansen-ford.com,26,Female,2025-04-28
user_037,Kevin Thomas,rodriguezlinda@hotmail.com,56,Male,2025-04-10
user_038,Daniel Gordon,harolddaniels@yahoo.com,35,Male,2025-05-02
user_039,Jesus White,jenniferromero@gmail.com,21,Female,2025-03-14
user_040,Richard Sanchez DVM,ncarter@gmail.com,42,Male,2025-03-28
user_041,Kyle Hayes,jamesgarcia@hotmail.com,31,Male,2025-03-16
user_042,Scott Rivera,steve37@gmail.com,26,Male,2025-03-17
user_043,Teresa Garcia,christinelittle@hotmail.com,43,Other,2025-04-24
user_044,Lisa Thomas,johnwhite@yahoo.com,19,Male,2025-03-26
user_045,Kimberly White,natalie49@gmail.com,37,Female,2025-04-07
user_046,Danny Suarez,psmith@hotmail.com,45,Male,2025-04-13
user_047,Taylor Smith,lmurray@hotmail.com,24,Male,2025-04-17
user_048,Christopher Garrison,uwells@strickland.com,25,Male,2025-04-27
user_049,Cristian Arnold,deanna04@gmail.com,52,Male,2025-03-24
user_050,Manuel Walton,sharoncalderon@hotmail.com,31,Female,2025-04-04
user_051,Travis Sanchez,chase61@scott-carpenter.com,34,Female,2025-05-06
user_052,Natasha Hunter,eduncan@yahoo.com,53,Female,2025-04-28
user_053,Michael Faulkner,robertharrington@hotmail.com,57,Male,2025-03-24
user_054,Bonnie Roth,mhill@moore-adams.net,21,Male,2025-05-04
user_055,John Guzman,oscardouglas@gmail.com,19,Male,2025-03-23
user_056,Kathryn Diaz,jerryschneider@webb-jones.org,23,Male,2025-04-13
user_057,Jessica Oconnell,mthompson@yahoo.com,59,Female,2025-04-16
user_058,Amy Pittman,wcooper@hotmail.com,21,Male,2025-04-22
user_059,Kyle Randall,nicholas74@williams.com,46,Male,2025-03-12
user_060,Darrell Boyd,charlene03@rojas.info,35,Male,2025-05-03
user_061,Nicole Duncan,michaelscott@burke.net,43,Male,2025-04-11
user_062,Virginia Barton,zhill@gmail.com,51,Female,2025-05-04
user_063,Timothy Roy,kylesanchez@yahoo.com,27,Female,2025-04-26
user_064,Michael Dennis,ihenry@king.org,53,Male,2025-04-26
user_065,Melissa Ryan,avilamatthew@yahoo.com,31,Other,2025-04-30
user_066,Melissa Morton,wmeyers@adams.net,48,Male,2025-03-10
user_067,Mr. David Charles,jenniferwagner@yahoo.com,32,Other,2025-04-19
user_068,Olivia Cabrera,hutchinsondavid@martinez.com,25,Male,2025-04-19
user_069,Anthony Johnson,crawfordhayley@nielsen-brown.net,31,Male,2025-04-07
user_070,Terri Morgan,xrivas@hotmail.com,40,Male,2025-04-15
user_071,Amy Gonzales,tiffanycunningham@hotmail.com,57,Female,2025-04-15
user_072,Suzanne Hernandez,bobby38@gmail.com,38,Female,2025-04-11
user_073,Mr. William Mills PhD,christopher09@hotmail.com,33,Female,2025-03-28
user_074,Cynthia Perez,jwilson@flores-duran.com,35,Male,2025-04-10
user_075,Adam Williams,angela80@bernard-roberts.com,41,Female,2025-04-09
user_076,Tyler Jensen,jasonhunter@wright.com,43,Female,2025-04-13
user_077,Laura Walker,sarahturner@lopez.com,42,Male,2025-03-26
user_078,Valerie Lambert,sayala@roth-taylor.com,58,Male,2025-04-03
user_079,Lori Meyer,lmartin@montes.com,46,Male,2025-04-10
user_080,David Santiago,erikajohnson@hotmail.com,32,Female,2025-04-12
user_081,Christopher Torres,christianjones@yahoo.com,18,Female,2025-04-26
user_082,Heather Brown,curtiswendy@yahoo.com,42,Other,2025-03-21
user_083,Katie Martin,evanbarton@martinez.info,24,Male,2025-04-22
user_084,Christina Randall,jonathanmiller@stokes.com,26,Female,2025-04-08
user_085,Jesse Stewart,robertstimothy@wilson.org,41,Female,2025-04-24
user_086,Adrienne Campbell,jameswhitaker@pena.com,18,Male,2025-03-26
user_087,Terry Adams,ryancook@williams.com,25,Female,2025-04-18
user_088,Noah Moreno,kellyjackson@walker.info,41,Female,2025-04-11
user_089,Cathy Johnson,victor13@hotmail.com,28,Female,2025-04-06
user_090,Heather Andrews,dianecruz@brooks.com,34,Male,2025-03-23
user_091,William Russell,johnsonlaura@hotmail.com,25,Male,2025-03-19
user_092,Sara Weaver,jwilliams@hotmail.com,52,Female,2025-03-19
user_093,Morgan Sheppard,luiswilliams@guerrero-conway.com,52,Female,2025-04-22
user_094,Anthony Barrera,ethomas@gmail.com,50,Male,2025-04-14
user_095,Jack Phillips,owhite@hotmail.com,22,Male,2025-03-23
user_096,Ronald Vaughn,taylor40@yahoo.com,59,Other,2025-04-02
user_097,Derek Walker,rogerstevens@gmail.com,56,Male,2025-05-04
user_098,Dylan Burns,stacey13@lane.com,58,Female,2025-03-15
user_099,April Downs MD,castillobrandon@mccall-sanchez.org,45,Female,2025-04-02
user_100,Tiffany Weiss,gkelly@gmail.com,24,Female,2025-04-03
